{"cameraMode":{"drawMode":0,"name":"Shaded","section":"Shading Mode"},"sceneLighting":true,"audioPlay":false,"sceneViewState":{"m_AlwaysRefresh":false,"showFog":true,"showSkybox":true,"showFlares":true,"showImageEffects":true,"showParticleSystems":true,"showVisualEffectGraphs":true,"m_FxEnabled":true},"in2DMode":false,"pivot":{"x":0.3108365535736084,"y":1.2657243013381959,"z":0.11697901040315628},"rotation":{"x":-0.35927513241767886,"y":-0.34486958384513857,"z":0.1449194848537445,"w":-0.8549824357032776},"size":1.7065619230270386,"orthographic":false}