{"cameraMode":{"drawMode":0,"name":"Shaded","section":"Shading Mode"},"sceneLighting":false,"audioPlay":false,"sceneViewState":{"m_AlwaysRefresh":false,"showFog":false,"showSkybox":false,"showFlares":false,"showImageEffects":false,"showParticleSystems":false,"showVisualEffectGraphs":true,"m_FxEnabled":true},"in2DMode":false,"pivot":{"x":-0.07676979899406433,"y":1.2918410301208497,"z":0.2597874104976654},"rotation":{"x":0.11171331256628037,"y":0.845649242401123,"z":-0.1951591968536377,"w":0.48406529426574709},"size":1.8455395698547364,"orthographic":false}